,PC_0,PC_1,PC_2,PC_3,PC_4,PC_5,PC_6,PC_7,PC_8,PC_9,PC_10,PC_11,PC_12,PC_13,PC_14,Classes
0,0.8047394197732329,9.932256461914385,-2.952119715983698,1.7276066181398746,1.1399987876771034,1.220739250303301,-3.0103329432597876,6.213570016102653,-0.2453333698270069,-4.947467629388455,3.2249663529678907,-0.333513311981146,1.028451143668157,-1.138486930442762,-0.7242017398104565,1
1,16.187273586230372,-0.7897472529645303,-4.9516061433025484,4.676206205077009,0.48272118558550087,4.361189398588324,-1.1546072495451538,-0.3336707070118935,-0.5664059944844269,0.6544301031903492,-2.366881783237764,-1.1918132097641225,-2.809569891263497,1.4638482617153343,-0.5490394371294945,1
2,4.970043995807029,-1.4968231847099578,-6.723726312121739,1.0269520839976962,-0.7783606251680835,-1.2031398816460395,-2.3236015208340177,1.5997906023070114,-1.668224778422157,-1.6220375146409096,3.157522548664761,0.7397552966229738,-0.1184552258125154,-1.1209639579386192,3.245289790923817,1
3,2.4600691711288185,-2.8604968453572677,-5.41795952635452,0.4369775751578521,-0.15358925410942384,-1.637444015919001,-2.642203581666185,3.179804926523272,-0.5523933988796901,-2.2822545811013195,2.6724979203319212,0.4958970091674364,0.0481465432620948,-0.11448027076302261,0.2244752478880666,1
4,-4.168124900912418,-5.182045915486149,-1.3099926094842034,-1.3701845980206895,0.030385783447970077,0.22113826402260142,1.9504959865097746,0.41631740055337857,1.2549894962182664,-2.496386485194023,0.7054615096383112,-1.1484476445043772,-0.6523336940717567,0.49299401399122,-1.778257970990534,2
5,-3.9448239448684848,-3.4181748579164473,0.2885729823338125,-0.4635785255504628,-1.2723660832169357,-1.927241986779052,-0.09263227127999943,-1.4926783352208637,-0.04777368484658216,-0.11286705504625366,-0.4653809178884037,-0.17413876039627244,-0.53142037944316,-0.4035607109881035,0.5925152396682022,2
6,-3.8706043877616514,-3.324835550753808,-0.2748614362580946,-1.8319636647253308,-0.5419087320864291,0.6933486909334948,0.7834884797209671,-0.2692112493712042,-0.01143176804962535,-1.8299041973226118,0.04165895158054732,-0.33711513307453306,-1.4285082449298863,-0.5600675877932307,0.8889706369075009,2
7,-1.447100139345056,-3.0308762665078093,0.4031356296740476,-1.0467608139758529,-1.2037503123585183,-3.08180111094379,-1.6389219648611362,-1.2009224186178697,-1.7494022130204596,4.285431252246391,1.014604375924566,-0.11115558169007796,1.1673814353238863,-2.3403096035577096,0.43246924238155054,2
8,-5.162124185801264,-2.697634087580856,-1.334043973375989,-2.484039446622001,-1.6236447219655474,0.5921368943924884,0.8735698498583861,-0.7949574017776888,-0.07255610188265783,-2.226943981783997,-0.15133051070225476,-0.5286647467635324,-0.6461291829024802,-0.5090531279837978,0.22455902480510104,2
9,-2.9688300446815497,5.564629425328604,1.7729552610807562,-0.6304986686150862,0.07828146099061836,0.2583667327576011,0.8025428034776919,0.8508031946350563,-0.29026658498957564,-3.588024586734663,-1.0751549618694785,4.66486008510859,3.207905988202687,5.624656265548884,2.8083287147221094,3
10,-1.9621443878993354,-1.162641917087325,-1.09580009368318,0.6788898003348692,-1.2916983320265116,-2.619273338829202,-1.2689299979813904,-0.16146284904667266,0.05357223552819751,0.46481897320226845,-0.04334251648610313,0.22957881261044571,0.586451770303368,-0.3689258488867538,-0.28683350204591673,3
11,-4.711082823495456,12.149655175335857,2.1439784166434195,-5.871209923298106,-2.9028566619786598,1.3453444967219093,2.3310587945058763,1.3906158980053462,-0.13607828636821725,7.143061786988203,8.508884962313418,1.0730689195347065,-4.338840951211525,2.0852105529806138,-0.5727094700970774,3
12,-4.712655645806819,4.384940459995352,-5.044079968276121,-6.840110973416396,20.70615355645127,-1.070932474372416,-1.042304161380457,-4.10498864443256,-1.8830338440949113,1.4176529863692735,-0.11190774603645667,-0.6181564972463719,0.2680576390640259,0.19724784962626044,-0.02583525464390906,3
13,13.421424838570182,-2.1868266635115767,6.98220467560841,2.2906055768893077,1.4007741328396281,0.04397275229229485,-1.6246240215712164,1.7980845288873173,-0.5895823933921744,1.0732907654995387,-0.7773487289470474,1.6396549324599958,-0.26503317253378617,-0.5119346262118604,-2.200336416308498,3
14,-3.294259283584691,-3.5144975541581456,3.730375839989738,4.063429922123059,-0.1603516620480194,-6.673093971107611,3.5288307412151374,0.4952458298204456,-1.0271559638401235,-2.4302627372853203,1.6585314621984637,-1.5064025460160269,-0.6050587473329679,0.27548794593553877,-1.0492543996428692,3
15,4.451886379773859,-2.4966906171649694,4.161244904175549,0.21954649020239647,1.1015236364734373,-0.3936911687039624,2.375492979262895,1.6034936297736206,-0.07753959516974077,-2.498334164971086,0.6258432838833417,-0.7668516588833758,-0.6002316997734286,0.7016388137935012,-2.2306592896645587,3
16,-4.296697823612309,-7.645761792261361,-3.5600082925574235,-3.7385112747551323,-0.8712583211661988,0.03987480528364189,0.4162464049201486,-0.6700373376921652,0.1539657647491112,0.10476461755789168,-0.6480982594360599,0.5704237453020347,0.2564290097243382,1.1824792127403156,-1.404714076725332,4
17,2.249263467958222,3.584093202625842,8.091733795849995,-1.8492974539835734,0.1882202121078453,5.272591964574675,0.5914207837647956,0.2735128169676368,-0.27947199002410494,-0.7526423476716978,0.4229535568311196,-1.41426476597098,1.0527892655289066,-1.169926762070336,1.1533344896226096,4
18,-3.97410096380924,3.352374331726234,2.1100147911130764,-0.9014805931111625,-2.801538942826595,1.095445059215858,-2.5623786767807397,-3.0476342888550527,-1.0190070181467787,-0.4160839563509472,-0.12199770021813514,0.6273402141815009,1.961401204966875,-1.9480361911112074,-2.735694392348523,5
19,-4.328537720104464,7.539867572005781,-1.8326976032686362,3.4086278687324936,-1.8663948539192676,0.1567936394997133,-6.106568344536932,2.0814762178690125,-1.7008927471894717,1.8046966009947616,-1.3905127664824681,-4.890370540520096,0.8749698629907675,1.3368793260526126,0.17298481644577762,5
20,4.579466160875722,6.4297893494115,0.09695646106357134,0.8934210266609894,-1.5756626154107523,2.400230184567901,-6.830059616116662,0.2580642695476097,-1.2870907019310716,3.175739238245391,-2.3481742351254575,3.322519176926627,0.4457542926283051,-2.397687386825167,-0.10056995616793726,5
21,-4.256588715108535,0.12059509910999652,0.5440593751618407,-0.5298042320216224,-0.6302199902785677,0.33830777845238014,-0.7868626306311367,-0.5665215457600784,0.43242058073724543,-0.3346495288697369,-1.2477515733075535,-0.8409167473586064,-0.6782187996441452,-0.13009648493454348,-0.4094513787408038,5
22,-6.10674904087756,5.479102009106111,2.056550705485887,-0.7217230741646987,-1.4400733268694308,0.8116434071029074,0.44453220904843055,-0.9574226866465833,-0.11242169606981062,-1.57959567433297,-0.6704656545909508,-0.3160008884153976,-0.04899187019828603,-0.4854707383967014,0.12614569894028074,6
23,-5.078876265112937,0.7473466792041767,1.0765839864701467,-0.683720690477058,-0.8061971840997809,-0.13165393897463046,1.4587607438426964,-0.7159811303877697,-0.8073896817341473,-2.6021652554063412,-1.1133169016122566,0.7421150787867867,-1.4135467359424325,0.7247754183951878,-1.9398681734056615,6
24,-14.982048077864654,-7.2551344643494735,-2.768688634254303,18.49525089367098,3.4770993655227276,9.119968601337742,5.300067396174565,0.4921546442098281,-1.4865809414144948,3.209975317730091,2.7235008873903546,1.5256224103560143,2.4188215061844587,-0.48579819141097735,-0.4641566263189201,7
25,-4.547101507694008,-13.501986632136255,-1.2188626061058707,-1.3866610523476477,-1.6444933653229399,-4.081425395805338,-2.9218930152994456,-1.7431296387618411,-0.5302144411057709,2.4925573888732058,-0.5901941773800725,0.7278765268420194,0.41527655840716515,1.0971159538657018,-0.958785132869286,7
26,14.720177046411914,2.642315765167128,-11.666266736636054,3.3378809803786833,-1.8513114874334817,-0.7934655172063809,1.913300038764144,-1.5978726724608956,-0.7695074325012937,1.6309834731876303,-1.1050345114130284,-0.9321474337342377,0.11814652434718373,2.3032267422858794,-0.8894086358208245,1
27,13.124565478584218,14.908516519381964,-7.1695110894483,0.5773296375666976,-1.2502995696765833,0.5326475694567312,6.337682849524922,-4.035990718711571,0.5815754777602005,0.016923507619351696,-1.6762588121103772,0.22528275255344124,1.415404521596399,-1.1593664082848132,-1.6064083936188203,1
28,9.960307541901937,-0.8097468756810555,-8.495042803355679,0.10687732477451398,-2.779996141805021,-0.8668664377548432,6.404627059303106,-4.974563882163387,-0.3967717093328579,0.4101116087450427,-0.11399525709745545,-1.3593037680005386,0.21277322705632146,-0.8414664521907679,2.398856901917885,1
29,0.8047394197732383,9.932256461914376,-2.952119715983698,1.7276066181398742,1.1399987876771038,1.220739250303302,-3.0103329432597916,6.213570016102659,-0.24533336982700588,-4.947467629388459,3.224966352967893,-0.33351331198114803,1.0284511436681563,-1.1384869304427623,-0.7242017398104572,1
30,16.18727358623037,-0.7897472529645323,-4.951606143302553,4.676206205077008,0.48272118558550364,4.361189398588322,-1.154607249545153,-0.33367070701188095,-0.5664059944844257,0.6544301031903399,-2.3668817832377655,-1.191813209764123,-2.8095698912634925,1.4638482617153366,-0.5490394371294968,1
31,7.832073688357369,-4.1827498722199925,-10.506378033791442,0.8784615275922738,0.7352854670626193,-1.7674582455625187,-4.012885497333619,3.408473294578822,-1.8033390847170772,-1.839182039422549,3.0577873807962836,0.6973508361629571,-0.19641787331937346,-0.2160382482469895,1.4805377792937338,1
32,4.970043995807029,-1.4968231847099585,-6.723726312121741,1.0269520839977015,-0.7783606251680792,-1.2031398816460397,-2.323601520834018,1.5997906023070103,-1.6682247784221558,-1.6220375146409134,3.1575225486647565,0.7397552966229733,-0.11845522581251634,-1.1209639579386197,3.2452897909238145,1
33,2.46006917112882,-2.8604968453572663,-5.417959526354519,0.43697757515784785,-0.1535892541094271,-1.6374440159190007,-2.642203581666189,3.179804926523275,-0.5523933988796906,-2.282254581101322,2.6724979203319217,0.4958970091674353,0.04814654326209373,-0.11448027076302533,0.22447524788806938,1
34,13.124565478584218,14.908516519381964,-7.169511089448303,0.5773296375666991,-1.250299569676584,0.5326475694567312,6.337682849524924,-4.035990718711574,0.5815754777602012,0.016923507619354024,-1.6762588121103768,0.22528275255344193,1.4154045215963988,-1.1593664082848139,-1.6064083936188198,1
35,9.960307541901937,-0.8097468756810574,-8.495042803355675,0.1068773247745123,-2.779996141805021,-0.8668664377548446,6.404627059303106,-4.974563882163386,-0.3967717093328576,0.410111608745041,-0.11399525709745295,-1.3593037680005378,0.21277322705632276,-0.8414664521907691,2.398856901917886,1
36,14.720177046411905,2.6423157651671287,-11.666266736636054,3.337880980378681,-1.8513114874334808,-0.7934655172063816,1.9133000387641443,-1.597872672460894,-0.7695074325012944,1.6309834731876298,-1.105034511413028,-0.9321474337342366,0.1181465243471833,2.303226742285879,-0.889408635820823,1
37,7.832073688357369,-4.1827498722199925,-10.50637803379144,0.8784615275922737,0.7352854670626185,-1.7674582455625185,-4.01288549733362,3.408473294578822,-1.803339084717077,-1.8391820394225498,3.0577873807962828,0.6973508361629573,-0.1964178733193741,-0.2160382482469893,1.4805377792937324,1
38,-4.0847667647732955,-4.372877392547921,-2.6059439701711162,-4.31755789611588,-1.7574127640345516,5.795846065059632,-1.747844454990823,-1.9562041695137145,1.2380422439519811,-0.2939627157586615,-0.8192655638073604,0.11904027179157062,-0.7496728877147486,-0.08256439845548356,1.3167245322318593,2
39,-3.847115927108751,-4.994544092941118,0.35206698822886584,0.10397989238532467,-0.46230716857949805,-2.968291876774016,1.5004167515555218,-0.6113298122785594,0.07698420700740831,-0.7566350859825198,0.3150856825211649,-0.0353174635417739,0.6870326846977481,-0.09124802819104959,1.039724704388982,2
40,-5.5585115736935595,5.017824400913935,1.2641534564263794,-1.9191923824526989,-2.6915740704080378,4.389225752499229,-2.341929698753366,-2.8380505756393566,-0.22845080072665427,0.4487353573738474,-2.237524283627415,0.8231468589327724,0.33046313423157697,0.8665356736444552,1.1201406658624113,2
41,-6.092972530126722,6.952243733873035,4.231893234645114,0.6962006742672225,-0.8086433601896823,0.38538681522695745,2.731932673777516,-0.593766850666071,-0.5395546511175748,-2.8677306895580563,0.2710007153690298,-1.0723694429053974,-0.3359843229613634,-0.6723871767225085,0.6307896190595171,2
42,-4.168124900912419,-5.182045915486149,-1.309992609484211,-1.3701845980206921,0.0303857834479677,0.22113826402260206,1.950495986509777,0.4163174005533768,1.2549894962182662,-2.4963864851940314,0.7054615096383161,-1.148447644504378,-0.6523336940717539,0.49299401399121856,-1.778257970990535,2
43,-3.944823944868483,-3.4181748579164473,0.2885729823338168,-0.46357852555046986,-1.2723660832169386,-1.9272419867790536,-0.09263227127999853,-1.4926783352208646,-0.0477736848465815,-0.11286705504624658,-0.4653809178884,-0.1741387603962728,-0.5314203794431598,-0.4035607109881026,0.5925152396682014,2
44,-3.870604387761651,-3.3248355507538077,-0.27486143625809245,-1.8319636647253275,-0.5419087320864285,0.6933486909334954,0.7834884797209672,-0.2692112493711983,-0.011431768049624029,-1.8299041973226093,0.04165895158054716,-0.33711513307453383,-1.4285082449298854,-0.56006758779323,0.8889706369074998,2
45,-1.447100139345055,-3.0308762665078093,0.40313562967404776,-1.046760813975855,-1.2037503123585147,-3.0818011109438,-1.6389219648611368,-1.200922418617871,-1.7494022130204592,4.28543125224639,1.0146043759245642,-0.11115558169007847,1.1673814353238818,-2.340309603557707,0.43246924238155166,2
46,-5.162124185801263,-2.6976340875808567,-1.334043973375989,-2.4840394466220004,-1.6236447219655419,0.5921368943924881,0.8735698498583829,-0.7949574017776911,-0.07255610188265793,-2.226943981784002,-0.15133051070225628,-0.5286647467635317,-0.6461291829024852,-0.5090531279838002,0.22455902480510206,2
47,-4.1896298115718285,-3.6329064651829266,-0.6346994605930681,-0.9976538122248901,-1.9167524803617928,-2.594929590260478,-2.0948677749198388,-2.9329399410117776,-0.7481761373658933,3.2182917036331506,-0.6963102587863447,0.250211266291116,0.5429666177604633,-0.6488516909694451,1.3295496342231896,2
48,-4.471819940140468,4.3380102446928355,4.673024019987422,2.577987055932541,-2.2286008370375137,-2.9991974759629736,-0.7917159593099555,-2.537370973194364,-1.3623897834640708,0.9909077853401045,-0.810054611214842,-0.03532306734401202,-0.23304434756071157,0.23987644668050415,1.0984981769354845,2
49,-4.0847667647732955,-4.372877392547921,-2.605943970171116,-4.317557896115878,-1.7574127640345523,5.795846065059633,-1.7478444549908223,-1.956204169513715,1.2380422439519811,-0.2939627157586612,-0.8192655638073604,0.11904027179157026,-0.7496728877147487,-0.08256439845548351,1.3167245322318593,2
50,-3.8471159271087556,-4.994544092941119,0.35206698822886673,0.1039798923853241,-0.4623071685794978,-2.9682918767740163,1.5004167515555205,-0.6113298122785568,0.07698420700740888,-0.7566350859825222,0.31508568252116614,-0.03531746354177335,0.687032684697749,-0.09124802819105113,1.0397247043889795,2
51,-5.558511573693561,5.017824400913935,1.2641534564263806,-1.9191923824527002,-2.6915740704080378,4.38922575249923,-2.341929698753366,-2.8380505756393575,-0.22845080072665333,0.448735357373846,-2.2375242836274145,0.8231468589327728,0.3304631342315771,0.8665356736444549,1.1201406658624127,2
52,-4.471819940140469,4.338010244692835,4.673024019987421,2.577987055932541,-2.228600837037513,-2.9991974759629727,-0.7917159593099543,-2.5373709731943634,-1.3623897834640706,0.9909077853401046,-0.8100546112148419,-0.035323067344012,-0.23304434756071132,0.23987644668050437,1.0984981769354845,2
53,-4.1896298115718285,-3.6329064651829266,-0.6346994605930675,-0.9976538122248898,-1.9167524803617928,-2.5949295902604774,-2.0948677749198383,-2.9329399410117767,-0.7481761373658932,3.21829170363315,-0.6963102587863449,0.25021126629111623,0.5429666177604633,-0.6488516909694455,1.3295496342231905,2
54,-6.0929725301267235,6.952243733873034,4.231893234645115,0.6962006742672212,-0.8086433601896825,0.3853868152269579,2.7319326737775156,-0.5937668506660704,-0.539554651117575,-2.8677306895580568,0.2710007153690295,-1.072369442905397,-0.33598432296136294,-0.6723871767225092,0.6307896190595181,2
55,-6.10905290327135,-0.41519945643729966,-4.544483010504511,-6.514437553054316,0.39956399746988935,-1.0928988904163282,7.041197367642686,13.037936635828345,-0.7481676319301876,4.290716537373823,-6.207542526622334,0.3213718960631227,-0.0038277727141460445,-0.9709332508732688,0.7584239399316195,3
56,7.435924779945628,-0.5293489291841955,4.584754928823632,3.335422026987693,1.848936448706873,-4.125324895206628,-1.0582531102961792,1.4144731798645147,-0.579766157876258,0.7880080330675586,-0.3008858126465345,1.5861645315343957,-0.07424158174320691,0.18043703183727167,-1.006151734513459,3
57,-0.4135834237085736,2.5167090129237972,-0.858813837738063,4.461965758098971,1.98143604702786,-2.4423201416142453,-2.0260698872357614,0.8461524668053292,16.146647004022817,1.875283227206468,-0.06726169675999485,-0.13937068111796092,0.569964630246488,0.20681070371627516,0.5222210891030458,3
58,-5.561738898547999,9.815028980429425,0.702448941357042,-0.9666976774738048,0.13690901997804877,0.8227005918533965,-1.9391959882406327,1.4056486054982218,-0.09679852237990193,-1.6934325930796768,-0.9406021612844464,1.1704090553395636,0.388135951583282,-0.6074873275885544,-1.5169619569628416,3
59,8.422008002788997,-2.534512509963072,9.266350636494046,5.616336578632688,3.4272128830685116,-1.4984741209682049,-0.6586353675644553,0.3655027298646691,-0.5389227110122878,-0.07618937996564677,-0.7829844868032464,0.3799517011465167,-3.233803892551173,1.0243283017755198,1.5906952626549113,3
60,8.328607006268564,-3.6170404486517964,4.295136200212811,-6.07921645329959,0.20236764757690565,-1.7365050119048542,4.3211069309259935,-2.041080046434574,1.8692939061536202,-1.1639785153559237,1.9025337404061098,4.990402821353765,0.6617791219418282,-2.321126926356882,-0.023804849317722268,3
61,-2.968830044681551,5.5646294253286035,1.772955261080758,-0.6304986686150857,0.07828146099061778,0.25836673275759936,0.8025428034776895,0.8508031946350567,-0.29026658498957725,-3.588024586734663,-1.0751549618694853,4.664860085108594,3.2079059882026923,5.624656265548887,2.8083287147221125,3
62,-1.9621443878993359,-1.1626419170873248,-1.0958000936831795,0.6788898003348697,-1.2916983320265123,-2.6192733388291973,-1.2689299979813928,-0.161462849046673,0.053572235528198724,0.4648189732022658,-0.04334251648610201,0.2295788126104472,0.586451770303371,-0.36892584888675406,-0.28683350204591695,3
63,-4.711082823495456,12.149655175335859,2.14397841664342,-5.871209923298105,-2.9028566619786544,1.3453444967219101,2.3310587945058763,1.3906158980053471,-0.13607828636821592,7.143061786988204,8.508884962313427,1.0730689195347072,-4.338840951211525,2.085210552980615,-0.5727094700970782,3
64,-4.71265564580682,4.384940459995352,-5.044079968276121,-6.840110973416397,20.70615355645127,-1.0709324743724151,-1.0423041613804531,-4.104988644432558,-1.8830338440949093,1.4176529863692773,-0.1119077460364541,-0.6181564972463718,0.26805763906402363,0.19724784962626046,-0.02583525464390995,3
65,13.421424838570184,-2.1868266635115754,6.982204675608413,2.2906055768893068,1.400774132839626,0.043972752292294574,-1.6246240215712153,1.7980845288873173,-0.5895823933921739,1.07329076549954,-0.7773487289470447,1.6396549324599945,-0.2650331725337883,-0.5119346262118591,-2.2003364163084993,3
66,4.451886379773859,-2.496690617164969,4.161244904175547,0.21954649020239797,1.1015236364734373,-0.3936911687039621,2.375492979262894,1.6034936297736202,-0.07753959516973769,-2.4983341649710873,0.6258432838833402,-0.7668516588833754,-0.600231699773428,0.701638813793501,-2.2306592896645574,3
67,-3.294259283584691,-3.5144975541581447,3.730375839989739,4.063429922123058,-0.1603516620480202,-6.67309397110761,3.5288307412151374,0.4952458298204459,-1.0271559638401337,-2.4302627372853203,1.6585314621984637,-1.5064025460160275,-0.6050587473329685,0.2754879459355365,-1.0492543996428687,3
68,-1.6799052624709694,-1.1665486869080297,1.973129805095729,-1.8092720877702027,-0.3860078412624979,0.1708653777024621,0.3883435439724853,-1.8909597411382242,0.3548196644403865,0.5701778338986941,0.09912169249174346,-2.2753163167648482,0.27171859661805076,0.842437332837095,0.6341123713807862,3
69,2.4714875142429578,-6.784621415794521,-2.6207359221814044,-0.7900173919134564,-0.04411705648283006,-1.3725600644401013,-2.1619317139857595,1.2632800558190405,0.18617267581920227,0.12737187751436804,0.49008436277932677,-0.08054187191499239,0.9260720988455017,0.23810796656993466,-2.342011061675321,3
70,-0.41358342370857193,2.5167090129237977,-0.8588138377380639,4.461965758098973,1.9814360470278614,-2.442320141614246,-2.0260698872357636,0.8461524668053292,16.14664700402282,1.8752832272064688,-0.06726169675999429,-0.1393706811179601,0.569964630246487,0.2068107037162765,0.5222210891030445,3
71,-6.109052903271351,-0.41519945643730094,-4.5444830105045115,-6.514437553054318,0.399563997469889,-1.0928988904163275,7.041197367642689,13.037936635828348,-0.7481676319301881,4.290716537373822,-6.207542526622333,0.3213718960631233,-0.0038277727141447495,-0.9709332508732678,0.7584239399316196,3
72,7.435924779945628,-0.5293489291841955,4.584754928823632,3.3354220269876924,1.8489364487068725,-4.125324895206628,-1.05825311029618,1.4144731798645154,-0.579766157876258,0.7880080330675586,-0.300885812646534,1.5861645315343953,-0.0742415817432081,0.1804370318372708,-1.0061517345134583,3
73,-5.561738898547999,9.815028980429423,0.7024489413570412,-0.9666976774738049,0.13690901997804839,0.8227005918533967,-1.9391959882406336,1.405648605498222,-0.09679852237990241,-1.693432593079676,-0.940602161284446,1.170409055339565,0.38813595158328124,-0.6074873275885535,-1.516961956962842,3
74,2.4714875142429578,-6.78462141579452,-2.6207359221814035,-0.7900173919134571,-0.04411705648283132,-1.3725600644401021,-2.161931713985759,1.2632800558190416,0.18617267581920258,0.12737187751436857,0.4900843627793276,-0.0805418719149925,0.9260720988455018,0.23810796656993494,-2.342011061675321,3
75,8.422008002789001,-2.534512509963071,9.266350636494046,5.61633657863269,3.4272128830685107,-1.4984741209682038,-0.6586353675644535,0.3655027298646684,-0.5389227110122877,-0.07618937996564527,-0.7829844868032477,0.3799517011465188,-3.2338038925511734,1.0243283017755211,1.5906952626549102,3
76,-1.6799052624709687,-1.166548686908029,1.9731298050957295,-1.8092720877702029,-0.3860078412624973,0.17086537770246188,0.38834354397248577,-1.8909597411382237,0.354819664440387,0.5701778338986949,0.09912169249174337,-2.275316316764848,0.27171859661805076,0.8424373328370943,0.6341123713807857,3
77,8.328607006268564,-3.6170404486517964,4.295136200212811,-6.079216453299591,0.20236764757690698,-1.7365050119048537,4.3211069309259935,-2.0410800464345726,1.869293906153621,-1.1639785153559248,1.9025337404061098,4.990402821353765,0.6617791219418278,-2.3211269263568814,-0.02380484931772253,3
78,16.508568363219116,-6.286056195528045,14.271830187353698,-6.176151131158348,0.46193264263853506,4.702035270546437,0.8609923462045579,2.0204800516820325,-0.25628274517601685,2.1462083183564364,2.234301039928538,-3.4222819177258916,4.761559113814491,1.2674545363738219,0.5514107222596965,4
79,3.6491075509687,-4.4084428660127175,7.248325011264626,2.4171833124185853,2.2213523542142406,6.423991900858982,-0.4404714613342447,0.08804464587692494,0.44177801197674216,-1.5731203850235809,-2.849463696857608,0.5885101052341152,-4.4219079671969,-1.2349768382604995,1.2972063794353985,4
80,-4.296697823612308,-7.645761792261359,-3.5600082925574235,-3.738511274755132,-0.8712583211661991,0.03987480528364133,0.4162464049201485,-0.6700373376921658,0.15396576474911156,0.10476461755789163,-0.6480982594360601,0.570423745302034,0.2564290097243395,1.1824792127403165,-1.404714076725334,4
81,2.2492634679582224,3.5840932026258403,8.091733795849995,-1.849297453983573,0.18822021210784687,5.272591964574672,0.5914207837647951,0.27351281696763696,-0.2794719900241047,-0.7526423476716979,0.42295355683111885,-1.4142647659709813,1.0527892655289062,-1.1699267620703346,1.1533344896226096,4
82,3.6491075509687017,-4.4084428660127175,7.248325011264625,2.417183312418584,2.2213523542142415,6.423991900858981,-0.4404714613342447,0.08804464587692476,0.44177801197674216,-1.5731203850235813,-2.8494636968576077,0.5885101052341138,-4.421907967196899,-1.2349768382604993,1.2972063794353974,4
83,16.508568363219112,-6.286056195528044,14.271830187353698,-6.176151131158348,0.46193264263853634,4.70203527054644,0.8609923462045608,2.0204800516820307,-0.2562827451760172,2.146208318356437,2.234301039928538,-3.422281917725892,4.761559113814492,1.2674545363738212,0.5514107222596956,4
84,-4.402691085781119,6.595271914363948,7.271519555335916,5.734809904074439,-0.2267504447740857,-9.040757744050644,1.0856911211434206,-0.8573296778243128,-1.8983509260200886,0.46696689057781665,-1.7739137672150709,-0.6764736411239054,-0.0770362018846327,0.8745301014723978,0.09451467483288037,5
85,-3.1476043123446904,-4.117616603533099,-0.47759346222399257,-1.1208977358264234,-0.8504317984341289,0.7280936024587994,-0.5169733998290496,-1.0742108341894865,-0.00971306656613778,0.3590869206845425,-0.8677148535495273,0.4935318711761423,-0.515811035883231,0.4913014371759253,-0.32025660810106577,5
86,-3.205153317555004,1.0584374548972295,-0.06629404502817443,-0.4301928720786859,0.6539338732889275,-1.1688102170564982,1.2813160853700538,0.38496518041029365,1.6939913932792494,-1.5468131856968734,1.290204825325461,-3.1510224239988247,-0.11714887266324718,-2.711953817560921,1.2378766048702012,5
87,-3.97410096380924,3.3523743317262333,2.110014791113076,-0.901480593111162,-2.8015389428265944,1.0954450592158584,-2.562378676780738,-3.0476342888550514,-1.0190070181467785,-0.4160839563509475,-0.12199770021813558,0.6273402141815008,1.9614012049668774,-1.9480361911112059,-2.735694392348521,5
88,-4.328537720104465,7.539867572005781,-1.832697603268636,3.4086278687324953,-1.8663948539192685,0.15679363949971176,-6.1065683445369325,2.081476217869012,-1.7008927471894704,1.8046966009947627,-1.3905127664824688,-4.890370540520099,0.874969862990768,1.336879326052613,0.17298481644577762,5
89,4.579466160875722,6.429789349411499,0.09695646106357202,0.8934210266609875,-1.575662615410753,2.4002301845679,-6.830059616116663,0.25806426954760964,-1.2870907019310722,3.175739238245392,-2.348174235125456,3.3225191769266273,0.4457542926283054,-2.3976873868251656,-0.10056995616793662,5
90,-4.256588715108535,0.12059509910999691,0.5440593751618406,-0.5298042320216223,-0.6302199902785682,0.3383077784523807,-0.7868626306311363,-0.5665215457600784,0.4324205807372459,-0.3346495288697365,-1.2477515733075542,-0.8409167473586061,-0.6782187996441452,-0.13009648493454334,-0.40945137874080434,5
91,-4.999998383372032,-4.7126223798753895,-5.4627905031773905,-6.291116755643023,-1.8555184967971436,5.365672646550312,-0.9264196309478298,-0.8876026926218622,1.63218589342488,-1.6355278195323555,-0.04587451822633611,-0.6468061147213043,-0.5226170917417724,1.525819094001727,-1.8349855037668126,5
92,-3.205153317555004,1.0584374548972295,-0.06629404502817458,-0.4301928720786864,0.6539338732889282,-1.1688102170564982,1.2813160853700538,0.38496518041029404,1.6939913932792496,-1.5468131856968728,1.290204825325461,-3.1510224239988234,-0.11714887266324744,-2.7119538175609206,1.2378766048702015,5
93,-4.40269108578112,6.5952719143639476,7.271519555335915,5.73480990407444,-0.22675044477408576,-9.040757744050646,1.085691121143419,-0.8573296778243128,-1.8983509260200893,0.4669668905778169,-1.7739137672150709,-0.6764736411239056,-0.07703620188463219,0.8745301014723965,0.09451467483288112,5
94,-4.999998383372031,-4.712622379875389,-5.4627905031773905,-6.291116755643023,-1.8555184967971425,5.365672646550311,-0.9264196309478298,-0.8876026926218618,1.6321858934248783,-1.635527819532355,-0.045874518226336265,-0.6468061147213038,-0.5226170917417721,1.5258190940017282,-1.8349855037668135,5
95,-3.147604312344691,-4.117616603533099,-0.4775934622239921,-1.1208977358264232,-0.850431798434129,0.7280936024587992,-0.5169733998290491,-1.0742108341894865,-0.009713066566137638,0.3590869206845421,-0.8677148535495274,0.493531871176142,-0.515811035883231,0.4913014371759252,-0.3202566081010652,5
96,-6.106749040877559,5.479102009106111,2.0565507054858863,-0.7217230741646983,-1.4400733268694306,0.8116434071029069,0.4445322090484309,-0.9574226866465825,-0.1124216960698107,-1.5795956743329709,-0.6704656545909511,-0.3160008884153976,-0.04899187019828635,-0.48547073839670124,0.1261456989402813,6
97,-5.078876265112937,0.7473466792041779,1.0765839864701476,-0.6837206904770579,-0.806197184099781,-0.13165393897463176,1.458760743842695,-0.7159811303877696,-0.8073896817341469,-2.6021652554063404,-1.113316901612257,0.7421150787867874,-1.4135467359424339,0.724775418395188,-1.9398681734056604,6
98,-4.5471015076940065,-13.501986632136251,-1.2188626061058758,-1.3866610523476477,-1.6444933653229399,-4.0814253958053355,-2.921893015299446,-1.743129638761839,-0.5302144411057698,2.492557388873205,-0.5901941773800713,0.7278765268420199,0.4152765584071652,1.0971159538657018,-0.958785132869289,7
99,-14.982048077864645,-7.255134464349466,-2.7686886342543082,18.495250893670967,3.477099365522717,9.119968601337737,5.300067396174561,0.49215464420982646,-1.486580941414489,3.209975317730092,2.723500887390344,1.5256224103560039,2.4188215061844556,-0.4857981914109761,-0.4641566263189195,7
